technique,n_examples,unique_intent_ratio,mattr,distinct_1,distinct_2,self_bleu,mean_edit_dist,label_entropy
all_enhancements,2004,1.0,0.8581073236584543,0.09868930893898042,0.42741048298378226,0.28254220864639273,100.30875939849624,0.9989838109065952
intent_classification_utility,3736,0.9957173447537473,0.8337133701564279,0.09723975427080704,0.37119374831581786,0.36398938521301544,80.86532581453633,0.9981018858414167
natural_language_distribution_diversity,1975,0.9959493670886076,0.8392898353979298,0.10549934380424199,0.40667239274897155,0.3678848290641198,77.9802380952381,0.9982998469534898
scenario-path_domain_coverage,3562,0.9994385176866929,0.8485149936031454,0.09131979062811565,0.3833834488168388,0.3746487823347004,111.40858395989974,0.9971779302871345
taboo_opening_words,2008,1.0,0.8438225309244156,0.10254712572051722,0.3983702845797485,0.3495650364005814,86.89370927318296,0.997228214884748
task-specific_hints,3687,0.9972877678329265,0.8385721814570073,0.10462858067648487,0.3925310130944176,0.3661730880729728,81.5846365914787,0.9967655968066657
