technique,n_runs,centroid_drift,run_centroid_spread
intent_classification_utility,74,0.014691588468849659,0.02956637181341648
natural_language_distribution_diversity,39,0.014531653374433517,0.029610367491841316
scenario-path_domain_coverage,70,0.013162239454686642,0.02652977779507637
taboo_opening_words,40,0.014951896853744984,0.030440205708146095
task-specific_hints,73,0.013881474733352661,0.027952952310442924
all_enhancements,40,0.01918007805943489,0.03896357864141464
