technique,Separability acc,Separability F1,Semantic sep,MATTR,Distinct-2,Edit dist,Self-BLEU,Semantic div,Label entropy,Semantic drift
intent_classification_utility,0.0,0.0,0.0,0.0,0.0,0.046090305196262026,0.0,1.0,0.5,1.0
natural_language_distribution_diversity,1.0,1.0,0.5936611780995505,0.32539070988422053,0.6643976555192084,0.0,0.47947797258559643,0.11310584446170024,0.5,1.0
scenario-path_domain_coverage,1.0,0.9967105139225438,1.0,0.5135879293109799,0.29328405156767284,1.0,0.21997624492109613,0.0,0.5,0.4999999999999999
taboo_opening_words,0.5000000000000169,0.4998921458425615,0.362275373793102,0.3700158812548126,0.49562459410352033,0.2532843251268294,0.6533378759587272,0.7795156650649026,0.5,0.0
task-specific_hints,0.8636363636363759,0.8647367300128037,0.6011304523845746,0.11023900223695648,0.35447128342008355,0.1256106439153478,0.2090504457879908,0.3812754521332514,0.5,1.0
all_enhancements,0.2727272727272819,0.27161697274377883,0.3360766187519995,1.0,1.0,0.6983395554189366,1.0,0.9592895074076228,0.5,1.0
